,tweet_id,handle,retweet_count,text,mined_at,created_at
0,1546817334882476032,The Bridge,2,Â¡Descubre la experiencia de Dani! â–¶ Dani estudiÃ³ una #fp en #desarrolloweb pero tenÃ­a claro que querÃ­a especializarâ€¦ https://t.co/OIpTZNrEHF,2022-07-13 14:10:58.629370,Tue Jul 12 11:22:45 +0000 2022
1,1544334529145573376,The Bridge,0,"ğŸ¤—Â¡Ãšltimos #OpenDay antes de vacaciones!ğŸ»
3 jornadas de puertas abiertas de manera simultÃ¡nea en nuestras sedes. 
Â¡Oâ€¦ https://t.co/vF5Cu0Xx9r",2022-07-13 14:10:58.629370,Tue Jul 05 14:56:58 +0000 2022
2,1544332162253656065,The Bridge,2,"RT @Atrevia: ğŸ“² ""De aquÃ­ al 2025 se van a crear 400.000 #empleos en el Ã¡mbito #tecnolÃ³gico y para cubrirlos serÃ¡ necesaria una #formaciÃ³n esâ€¦",2022-07-13 14:10:58.629370,Tue Jul 05 14:47:34 +0000 2022
3,1544332132990046209,The Bridge,2,RT @Atrevia: ğŸ”´ Todo preparado en @TheBridge_Tech para la presentaciÃ³n de la nueva metodologÃ­a de employer branding 5.0 de ATREVIA para ayudâ€¦,2022-07-13 14:10:58.629370,Tue Jul 05 14:47:27 +0000 2022
4,1542809152635928578,The Bridge,2,"RT @ceeivalencia: ğŸ“¢Nos alegra muchÃ­simo contaros esta gran noticia: tendremos el placer de contar con @TheBridge_Tech, un acuerdo que nos pâ€¦",2022-07-13 14:10:58.629370,Fri Jul 01 09:55:40 +0000 2022
5,1542809001691332609,The Bridge,1,"RT @bertinha84: Adeus rÃ­os, adeus fontes...TerriÃ±a, volvo pronto. Madrid allÃ¡ voy! Ya se ve cerca el final del bootcamp y voy a terminarloâ€¦",2022-07-13 14:10:58.629370,Fri Jul 01 09:55:04 +0000 2022
6,1542808979293847554,The Bridge,0,@bertinha84 Â¡Vamos @bertinha84 Ã¡nimo! Te esperamos con los brazos abiertosğŸ¤—,2022-07-13 14:10:58.629370,Fri Jul 01 09:54:59 +0000 2022
7,1542426017402425344,The Bridge,1,RT @elEconomistaCV: #Atitlan invierte en una una ronda de financiaciÃ³n de 5 millones de euros en @TheBridge_Tech  https://t.co/7eN3zLMYpg aâ€¦,2022-07-13 14:10:58.629370,Thu Jun 30 08:33:14 +0000 2022
8,1542425851899281408,The Bridge,0,@LORIOTio @dariodotzero @insidezeusdata @sesamehr_ Thank you! It was a pleasure and a very interesting talk about innovation and businessğŸ¤—,2022-07-13 14:10:58.629370,Thu Jun 30 08:32:34 +0000 2022
9,1542075584158830594,The Bridge,4,"Â¡Un placer tener ayer a empresas como @sesamehr_ , @feending y @LORIOTio con nosotros en la #TechTalksValencia! ğŸ¤—Deâ€¦ https://t.co/pEKlPRlxB7",2022-07-13 14:10:58.629370,Wed Jun 29 09:20:44 +0000 2022
10,1541678686751133698,The Bridge,4,Gracias @HeavyMental_es por la tarde de ayer y a todos los asistentes Â¡Ã‰xito absoluto! ğŸ™ğŸ‘ https://t.co/qT6TeMnL2u,2022-07-13 14:10:58.629370,Tue Jun 28 07:03:36 +0000 2022
11,1539550883331166213,The Bridge,0,"ğŸ“¢MiÃ©rcoles 6 de julio, 18h evento con @GoogleES donde hablaremos de #CloudComputingâ˜ï¸ las nuevas herramientas comoâ€¦ https://t.co/iQNBXe3PB1",2022-07-13 14:10:58.629370,Wed Jun 22 10:08:28 +0000 2022
12,1538882376138477569,The Bridge,0,Â¡Llega la 1Âª #TechTalks en #Valencia!ğŸ™Œ Un encuentro con @LORIOTio @sesamehr_ y @feending en el que nos contarÃ¡n suâ€¦ https://t.co/zkfK7mHo1y,2022-07-13 14:10:58.629370,Mon Jun 20 13:52:04 +0000 2022
13,1536710498712006660,The Bridge,0,Â¡Lanzamos las becas @viewnext para estudiar #Cloud &amp; #DevOps â˜ï¸! Si quieres formarte en una profesiÃ³n con futuro yâ€¦ https://t.co/3NTBz1eavx,2022-07-13 14:10:58.629370,Tue Jun 14 14:01:48 +0000 2022
14,1536310176801857538,The Bridge,2,"Â¡Ãšltimas1âƒ£0âƒ£entradas! El lunes 27 de junio acogeremos la grabaciÃ³n de ""El sentido de la vida ya no es 42"" un episodâ€¦ https://t.co/BrYTkLBLPP",2022-07-13 14:10:58.629370,Mon Jun 13 11:31:04 +0000 2022
15,1534890485415813122,The Bridge,0,Ayer celebramos el #OpenDay de @TheBridge_Tech y @uchceu en #Valencia ğŸ¤—Â¡Muchas gracias a todos los asistentes! Espeâ€¦ https://t.co/FUxvLhpb1C,2022-07-13 14:10:58.629370,Thu Jun 09 13:29:43 +0000 2022
16,1534493735526055936,The Bridge,3,"Â¿En busca de empleo en #desarrolloweb?

ApÃºntate a la charla gratuita que da @javiercadierno de @Tadatic_ , en dondâ€¦ https://t.co/9qud439SeE",2022-07-13 14:10:58.629370,Wed Jun 08 11:13:10 +0000 2022
17,1534187163402874880,The Bridge,2,"ğŸ“¢Â¡Os habÃ©is enterado ya de que viene @MercadonaTech y @Thiga_ES!

HablarÃ¡n de los objetivos #OKR y nos acercaremosâ€¦ https://t.co/DfamGQ2el2",2022-07-13 14:10:58.629370,Tue Jun 07 14:54:58 +0000 2022
18,1533838021388279808,The Bridge,0,"Â¡Talleres presenciales en #Valencia @uchceu !ğŸ§‘â€ğŸ’»Ven a probar si una profesiÃ³n digital estÃ¡ hecha para ti.

Â¿Tienesâ€¦ https://t.co/AG8V0gAQBG",2022-07-13 14:10:58.629370,Mon Jun 06 15:47:36 +0000 2022
19,1532005805293293569,The Bridge,0,Â¿Tus hijos ya tienen plan este verano? Vuelven los #teencamps de la mano de @TechTalents_es y @GenyusSchool Programâ€¦ https://t.co/K8OfLsehl1,2022-07-13 14:10:58.629370,Wed Jun 01 14:27:01 +0000 2022
20,1531953086650101760,The Bridge,0,"Â¡PrÃ³ximo miÃ©rcoles 8 de junio a las 18h #OpenDayValencia!ğŸ¤—
AcÃ©rcate al Palacio de Colomina y conoce nuestrosâ€¦ https://t.co/THb15O88Vo",2022-07-13 14:10:58.629370,Wed Jun 01 10:57:32 +0000 2022
21,1531644786679103492,The Bridge,2,"ğŸ‘Â¡Tenemos grandes noticias! Lanzamos nuevo #bootcamp en #Cloud &amp; #DevOps â˜ï¸ en septiembre en Madrid y remoto.
Â¿â€¦ https://t.co/KeAN9PZtMa",2022-07-13 14:10:58.629370,Tue May 31 14:32:28 +0000 2022
22,1530089190951624704,The Bridge,0,Hoy es dÃ­a de #DesafÃ­oDeTripulaciones âš” en el campus de MadridğŸ™Œ L@s alum@s han creado soluciones digitales en colabâ€¦ https://t.co/imu5CVpXAp,2022-07-13 14:10:58.629370,Fri May 27 07:31:05 +0000 2022
23,1529058310225264641,The Bridge,1,"RT @ENCamaraSevilla: Â¿Te gustarÃ­a explorar el sector #tech? Ven a los talleres que organiza @TheBridge_Tech en @ENCamaraSevilla
 
ğŸ—“ï¸26 Mayoâ€¦",2022-07-13 14:10:58.629370,Tue May 24 11:14:44 +0000 2022
24,1529043482895175680,The Bridge,1,En el #BurnMondayğŸ”¥ de ayer se hablo mucho de #DataScience y conocimos en quÃ© estÃ¡n trabajando dos alumnis delâ€¦ https://t.co/hJBDEyY7fQ,2022-07-13 14:10:58.629370,Tue May 24 10:15:49 +0000 2022
25,1528735286829764608,The Bridge,3,RT @arey: #LastMinute La 2da presentaciÃ³n del #LibroIC en #Madrid serÃ¡ este jueves (18:30) en @TheBridge_Tech acompaÃ±ados por TÃ­scar Lara (â€¦,2022-07-13 14:10:58.629370,Mon May 23 13:51:09 +0000 2022
26,1527312943397806080,The Bridge,2,Â¡QuÃ© poco queda para el prÃ³ximo ğŸ”¥Burn MondayğŸ”¥! Lunes 23 de mayo a las 18h. aplicaremos la #IA en un viaje por obrasâ€¦ https://t.co/2i7KqBntpR,2022-07-13 14:10:58.629370,Thu May 19 15:39:16 +0000 2022
27,1526946552492789760,The Bridge,0,Esta es la historia de IsisğŸ¤— que decidiÃ³ hacer un cambio en su vida profesional haciendo el #bootcamp de #uxui. Ahoâ€¦ https://t.co/YC0yOw5b3o,2022-07-13 14:10:58.629370,Wed May 18 15:23:22 +0000 2022
28,1526886949839065088,The Bridge,0,Gracias @victorianoI y equipo por el anÃ¡lisis con @graphext de los datos en educaciÃ³n y tecnologÃ­a que vimos ayer eâ€¦ https://t.co/tGq6oXx37x,2022-07-13 14:10:58.629370,Wed May 18 11:26:31 +0000 2022
29,1526880909043056642,The Bridge,4,"RT @Bcasapp: Â¿CÃ³mo combatir el paro juvenilğŸ¥µ? #tipdeldia En un paÃ­s con una tasa de paro rÃ©cord, hay que elegir bien dÃ³nde y quÃ© estudiar.â€¦",2022-07-13 14:10:58.629370,Wed May 18 11:02:31 +0000 2022
30,1526576722350686208,The Bridge,2,Â¿Con ganas de probar si un empleo tecnolÃ³gico es para ti? Ven a los talleres del campus de #Sevillaâ€¦ https://t.co/I30kKxY5N0,2022-07-13 14:10:58.629370,Tue May 17 14:53:47 +0000 2022
31,1524795347352051712,The Bridge,0,Descubre las posibilidades y misterios que oculta el #metaverso con @HavasGroupES ğŸ˜ Hablaremos de tipos de metaversâ€¦ https://t.co/X78sybsFfX,2022-07-13 14:10:58.629370,Thu May 12 16:55:14 +0000 2022
32,1524738407603310594,The Bridge,1,"ğŸ“»Los #bootcamps son para ""cualquier persona que quiera un empleo tecnolÃ³gico de calidad"", como bien explican InÃ©s Gâ€¦ https://t.co/fTf4HmUvFE",2022-07-13 14:10:58.629370,Thu May 12 13:08:59 +0000 2022
33,1524117624174653441,The Bridge,0,"ğŸ‘¾ El caso #Pegasus, un ejemplo mÃ¡s de #ciberespionaje que pone en relevancia la necesidad de expertos enâ€¦ https://t.co/Yyf2sQTPeS",2022-07-13 14:10:58.629370,Tue May 10 20:02:12 +0000 2022
34,1524053162323283968,The Bridge,0,Â¡â€Letâ€™s talk about educationâ€! Os invitamos a la primera sesiÃ³n del nuevo ciclo de conferencias sobre #educaciÃ³nâ€¦ https://t.co/xFZBArlZJV,2022-07-13 14:10:58.629370,Tue May 10 15:46:04 +0000 2022
35,1523574457549623296,The Bridge,0,"Â¡Vamos con los talleres de mayo! Este mes tenemos un montÃ³n de #freeevents ğŸ‘©â€ğŸ’»Metaverso, OSINT, Sistemas de diseÃ±oâ€¦ https://t.co/hzdgm75I9G",2022-07-13 14:10:58.629370,Mon May 09 08:03:51 +0000 2022
36,1522231140656066561,The Bridge,1,ğŸ‘ğŸš€Lanzamos una nueva ediciÃ³n de las #becas Digital Talent Pipeline para cursar un #bootcamp en junio y septiembre Â¿â€¦ https://t.co/J6oPHqqHnI,2022-07-13 14:10:58.629370,Thu May 05 15:06:00 +0000 2022
37,1521871017714589699,The Bridge,0,"ğŸ¤©Â¿Quieres conocer el talento digital que llevas dentro? Â¡Ven a nuestro Open Day y descÃºbrelo! 

ğŸ“…Viernes 20 de mayoâ€¦ https://t.co/yHGpqF4Z08",2022-07-13 14:10:58.629370,Wed May 04 15:15:00 +0000 2022
38,1519208716700160000,The Bridge,1,RT @burn_es: Tenemos que decir que el BURN Mondays de ayer con @TheBridge_Tech fue muy top! ğŸ”â€‹â¤ï¸â€ğŸ”¥,2022-07-13 14:10:58.629370,Wed Apr 27 06:55:58 +0000 2022
39,1519208638136602626,The Bridge,1,@burn_es Prueba de ello ğŸ“¸ğŸ”¥ https://t.co/7SWL2ionj3,2022-07-13 14:10:58.629370,Wed Apr 27 06:55:39 +0000 2022
40,1518607234976161792,The Bridge,0,Este jueves Job Market Place en @TheBridge_Tech con @spaingeneration La feria de empleo con el mejor talento deâ€¦ https://t.co/vvLXK24Jc5,2022-07-13 14:10:58.629370,Mon Apr 25 15:05:53 +0000 2022
41,1518529871969988608,The Bridge,0,"""Necesitaba formaciÃ³n tÃ©cnica para potenciar mi empleabilidad"", cuenta nuestra alumni Clara BayÃ³n a @el_pais ğŸ—Trasâ€¦ https://t.co/2KF6TsistY",2022-07-13 14:10:58.629370,Mon Apr 25 09:58:29 +0000 2022
42,1517405300504018944,The Bridge,8,"RT @MujeresaSeguir: ğŸš€MaÃ±ana celebramos la segunda sesiÃ³n del ciclo #ConversacionesPorLaIgualdad

ğŸ“¢#MujerYTecnologÃ­a: una jornada para reiviâ€¦",2022-07-13 14:10:58.629370,Fri Apr 22 07:29:50 +0000 2022
43,1517147713254526978,The Bridge,0,"Â¿Unimos #psicologÃ­a, diseÃ±o #uxui y #realidadvirtual? La respuesta: SÃ! Te invitamos a la mesa redonda del 28 de abâ€¦ https://t.co/AdgkHbhPxf",2022-07-13 14:10:58.629370,Thu Apr 21 14:26:16 +0000 2022
44,1517111329374543873,The Bridge,0,Â¡Gracias a vosotros! https://t.co/g7otWL5xbs,2022-07-13 14:10:58.629370,Thu Apr 21 12:01:42 +0000 2022
45,1516687246241550337,The Bridge,0,"Â¡QuÃ© bonito es nuestro palacio! ğŸ˜ Todo un privilegio para alumnos, profes y staff poder disfrutar de este espacio eâ€¦ https://t.co/KD2AbxvT32",2022-07-13 14:10:58.629370,Wed Apr 20 07:56:32 +0000 2022
46,1516440085486575617,The Bridge,0,"â–¶Os presentamos a JesÃºs, alumni reciÃ©n graduado del #bootcamp de #digitalmarketingops que tras acabar la carrera seâ€¦ https://t.co/Npe0b60RXb",2022-07-13 14:10:58.629370,Tue Apr 19 15:34:25 +0000 2022
47,1516391947337936908,The Bridge,3,"RT @MujeresaSeguir: ğŸ’¥Este viernes tendrÃ¡ lugar la segunda sesiÃ³n nuestro ciclo #ConversacionesPorLaIgualdad

ğŸ“¢ #MujerYTecnologÃ­a: una jornaâ€¦",2022-07-13 14:10:58.629370,Tue Apr 19 12:23:08 +0000 2022
48,1515970019733258247,The Bridge,0,@bertinha84 Ese nudo es presagio de algo bueno ğŸ˜†Â¡Bienvenida a @TheBridge_Tech ! Muchas horas de #UXUI te esperan ğŸ™Œ Â¡sin miedo!,2022-07-13 14:10:58.629370,Mon Apr 18 08:26:32 +0000 2022
49,1513807125205684224,The Bridge,1,A la vuelta de #SemanaSantaSevilla tocağŸ‘‰ #bootcampsğŸ§‘â€ğŸ’»EspecialÃ­zate en #datascience o #desarrollowebfullstack con nâ€¦ https://t.co/s1VoKlEyea,2022-07-13 14:10:58.629370,Tue Apr 12 09:11:58 +0000 2022
50,1513473323589672963,The Bridge,1,"ğŸ“…El 25 de abril estrenamos los #BurnMondaysğŸ”¥, con la colaboraciÃ³n de @burn_es, una oportunidad para que nuestr@s alâ€¦ https://t.co/gWW8ggVDSE",2022-07-13 14:10:58.629370,Mon Apr 11 11:05:33 +0000 2022
51,1512033544381636609,The Bridge,1,"RT @burn_es: Nos han contado que en @TheBridge_Tech se lo curran mucho... Hemos colado algÃºn que otro BURN, Â¿os viene bien una ayudita de eâ€¦",2022-07-13 14:10:58.629370,Thu Apr 07 11:44:23 +0000 2022
52,1512026991578566657,The Bridge,0,@burn_es Â¿AlgÃºn que otro? ğŸ˜ Toda energÃ­a extra es bienvenida y necesaria ğŸ”‹ğŸ”¥ Â¡Gracias @burn_es! Pronto haremos buenâ€¦ https://t.co/5r3xFLCLAO,2022-07-13 14:10:58.629370,Thu Apr 07 11:18:21 +0000 2022
53,1511970979324518406,The Bridge,0,En dos semanas empezamos los bootcamps Part Time (compatibles con trabajo/estudios) en #Sevilla y enâ€¦ https://t.co/bCGjy8j92y,2022-07-13 14:10:58.629370,Thu Apr 07 07:35:47 +0000 2022
54,1511617173495689218,The Bridge,0,@raulcotrina @CraftCodeTech @CodeHouseLearn @CodenotchMAD @NeolandStudio @assemblerinstit @Adalab_Digitalâ€¦ https://t.co/tI0f68mKfF,2022-07-13 14:10:58.629370,Wed Apr 06 08:09:53 +0000 2022
55,1511613451063410690,The Bridge,0,@AndreaMaganRey Hola Andrea Â¡QuÃ© gran trabajo! Estamos encantados de pasarte informaciÃ³n para que puedas completarâ€¦ https://t.co/GekiLwpx3g,2022-07-13 14:10:58.629370,Wed Apr 06 07:55:05 +0000 2022
56,1509622664297693189,The Bridge,0,"Cuando piensas en un hacker... Â¿Te imaginas a una mujer? ğŸ¤” ""Son muy pocas las mujeres que deciden apostar por estudâ€¦ https://t.co/LgEe4eWxw9",2022-07-13 14:10:58.629370,Thu Mar 31 20:04:25 +0000 2022
57,1509108619782111235,The Bridge,2,Â¡LlegÃ³ el dÃ­a! Hoy es el #DesafiodeTripulaciones âš” en el campus de #Valencia Â¡Mucha suerte a toda esa primera promoâ€¦ https://t.co/ahM5CKiue1,2022-07-13 14:10:58.629370,Wed Mar 30 10:01:47 +0000 2022
58,1509074925654532099,The Bridge,0,"A partir de las 11h nuestro CEO @ikerarceseco participa en el #ForoVocentoEducacion en el debate ""FormaciÃ³n para elâ€¦ https://t.co/T0WuhLdKRg",2022-07-13 14:10:58.629370,Wed Mar 30 07:47:54 +0000 2022
59,1507266817454227459,The Bridge,4,"RT @ENCamaraSevilla: La @camaradesevilla organiza junto al Grupo Planeta y su presidente JosÃ© Lara, este encuentro con las empresas #ClubCÃ¡â€¦",2022-07-13 14:10:58.629370,Fri Mar 25 08:03:07 +0000 2022
60,1507029045187387401,The Bridge,0,Hoy han venido a visitarnos los alumnos de @itep_es de #DAM #ASIR y #MARKETING para conocer nuestro campus de Madriâ€¦ https://t.co/ddwhSV8SqN,2022-07-13 14:10:58.629370,Thu Mar 24 16:18:18 +0000 2022
61,1506941441574117378,The Bridge,0,"Â¿Crees que lo sabes todo?ğŸ¤“Â¡DÃ©jate sorprender! AdÃ©ntrate en el mundo de la #ProgramacionWeb y las criptomonedas, conâ€¦ https://t.co/76FZ5cQpkc",2022-07-13 14:10:58.629370,Thu Mar 24 10:30:11 +0000 2022
62,1504734193401618459,The Bridge,4,Â¡Comenzamos el #Desafiodetripulaciones âš” de la promo full time de noviembre! El tema de los proyectos: el #colivingâ€¦ https://t.co/wBska3Hs0Y,2022-07-13 14:10:58.629370,Fri Mar 18 08:19:22 +0000 2022
63,1504416870526590977,The Bridge,0,"MÃ¡s de 300.000 expertos en #ciberseguridad se han unido en una especie de ""ejÃ©rcito IT"" en Ucrania para llevar a caâ€¦ https://t.co/cejfQVtzSr",2022-07-13 14:10:58.629370,Thu Mar 17 11:18:27 +0000 2022
64,1504015188877533185,The Bridge,2,"RT @CourseReport: ğŸ” We've combed through student &amp; alumni reviews to find the 17 Best Cyber Security Bootcamps of 2022, including @Level_Efâ€¦",2022-07-13 14:10:58.629370,Wed Mar 16 08:42:18 +0000 2022
65,1503409219789328384,The Bridge,1,Â¡Muy contentos por todos ellos! 100% empleabilidad en la promociÃ³n de junio. Gracias desde @TheBridge_Tech por confâ€¦ https://t.co/aFWCG2awLr,2022-07-13 14:10:58.629370,Mon Mar 14 16:34:24 +0000 2022
66,1502360507365400587,The Bridge,0,"ğŸ‘¾La #ciberseguridad, mÃ¡s necesaria que nunca.

El #sectortecnolÃ³gico pide mÃ¡s financiaciÃ³n y formaciÃ³n de profesionâ€¦ https://t.co/WTvIIXNxsn",2022-07-13 14:10:58.629370,Fri Mar 11 19:07:12 +0000 2022
67,1502195577584500740,The Bridge,0,"Â¿AlgÃºn identificado en la sala? ğŸ˜‚

#desarrolloweb #css #fullstackdeveloper https://t.co/169UXtS1b5",2022-07-13 14:10:58.629370,Fri Mar 11 08:11:49 +0000 2022
68,1501543878692073472,The Bridge,0,Faltan por salir las listas de #UXUIProductDesign #DataScience y #DesarrolloWebFullStack Â¡SerÃ­a estupendo volver a aparecer!,2022-07-13 14:10:58.629370,Wed Mar 09 13:02:12 +0000 2022
69,1501530641610989581,The Bridge,2,Â¡El #bootcamp de #Ciberseguridad de @TheBridge_Tech vuelve a estar entre los mejores bootcamps del mundo! Y este aÃ±â€¦ https://t.co/UDW42GnxJl,2022-07-13 14:10:58.629370,Wed Mar 09 12:09:36 +0000 2022
70,1500821305754595332,The Bridge,0,ğŸ§Â¿SabÃ­as que a partir de los 6 aÃ±os las niÃ±as empiezan a pensar que los niÃ±os son mÃ¡s capaces que ellas?ğŸŸ£Ven a verâ€¦ https://t.co/qBcYXaorMg,2022-07-13 14:10:58.629370,Mon Mar 07 13:10:57 +0000 2022
71,1499664649675067392,The Bridge,3,"RT @FUniversia: Â¿Quieres hacer un #bootcamp y no sabes cÃ³mo pagarlo? ğŸ‘‡

Con nuestro #PlanCircularFundaciÃ³nUniversia pagamos tu matrÃ­cula, yâ€¦",2022-07-13 14:10:58.629370,Fri Mar 04 08:34:49 +0000 2022
72,1499395478563155968,The Bridge,0,"@PICKYUAN @PagePersonnel Sentimos mucho el fallo tÃ©cnico. Revisaremos que pudo pasar, pueden conectarse a prÃ³ximosâ€¦ https://t.co/jV5TPAs5mg",2022-07-13 14:10:58.629370,Thu Mar 03 14:45:14 +0000 2022
73,1498939760462630913,The Bridge,0,Â¡Empezamos el 21 de marzo en #Sevilla! No te puedes perder este taller de empleabilidad con el que arrancamos ğŸš€ Entâ€¦ https://t.co/GCyrWoghwr,2022-07-13 14:10:58.629370,Wed Mar 02 08:34:22 +0000 2022
74,1498212250481483778,The Bridge,0,Gracias @insidezeusdata y @vicencf por la jornada formativa Â¡Fue toda una experiencia para nuestros alumnos deâ€¦ https://t.co/inDegbo8gZ,2022-07-13 14:10:58.629370,Mon Feb 28 08:23:30 +0000 2022
75,1497165125752664112,The Bridge,0,Â¡#Datascientist mirad esto! âš½ğŸƒ CÃ³mo @LaLiga utiliza el dato y la inteligencia artificial (IA) para predecir cuÃ¡lesâ€¦ https://t.co/N4G2bEGfUs,2022-07-13 14:10:58.629370,Fri Feb 25 11:02:36 +0000 2022
76,1497118969236377601,The Bridge,0,Â¡Gracias a vosotros! Los alumnos se llevaron grandes consejos y una visiÃ³n del mercado laboral en profesiones #techâ€¦ https://t.co/GQA1WS0pZq,2022-07-13 14:10:58.629370,Fri Feb 25 07:59:12 +0000 2022
77,1496140777529004033,The Bridge,2,"Si veis estos carteles por Sevilla, SÃ, SOMOS NOSOTROS! Aterrizamos en marzo con los #bootcamps en #DataScience yâ€¦ https://t.co/BejANKTviG",2022-07-13 14:10:58.629370,Tue Feb 22 15:12:12 +0000 2022
78,1495710690950193155,The Bridge,0,"Â¡Nuevos eventos para febrero y marzo! Talleres sobre #IA, #marketingdigital #empleabilidad, #ciber, #datascience Â¡Nâ€¦ https://t.co/9o1FN37nLv",2022-07-13 14:10:58.629370,Mon Feb 21 10:43:12 +0000 2022
79,1495675828692213764,The Bridge,5,RT @IndraCompany: Â¿AÃºn no has solicitado tu beca para el #bootcamp de Desarrollo Web Full-stack en @TheBridge_Tech? Si tienes #discapacidadâ€¦,2022-07-13 14:10:58.629370,Mon Feb 21 08:24:40 +0000 2022
80,1492085613713141760,The Bridge,1,"Hoy se celebra VLC Tech Women con motivo del #DiaDeLaMujeryLaNiÃ±aEnLaCiencia, un evento en el que se hablarÃ¡ de intâ€¦ https://t.co/XCYYn80f7K",2022-07-13 14:10:58.629370,Fri Feb 11 10:38:26 +0000 2022
81,1491801710729195524,The Bridge,1,Sevilla estÃ¡ llena de talentos digitales por descubrir Â¿te animas a conocer las profesiones del futuro?ğŸ§‘â€ğŸ’»Ven al taâ€¦ https://t.co/fvidVuSuqW,2022-07-13 14:10:58.629370,Thu Feb 10 15:50:18 +0000 2022
82,1489181416818724864,The Bridge,1,Â¡Nos visita @DecathlonES ! Si te interesa la ciencia de datos y cÃ³mo se aplica a proyectos reales Â¡ApÃºntate al evenâ€¦ https://t.co/orFrr6t8vr,2022-07-13 14:10:58.629370,Thu Feb 03 10:18:12 +0000 2022
83,1488811177928921089,The Bridge,0,"Cada vez se habla mÃ¡s de las ""soft skills"" y de lo importante que son para aplicar a posiciones tecnolÃ³gicas Â¡Descuâ€¦ https://t.co/SI9GShgqIR",2022-07-13 14:10:58.629370,Wed Feb 02 09:47:00 +0000 2022
84,1485581825401577472,The Bridge,3,Â¡Open Day Sevilla! Asiste al evento y conoce mÃ¡s sobre los bootcamps de #DataScience y #DesarrolloWebFullStack en nâ€¦ https://t.co/3PWIAqbBBz,2022-07-13 14:10:58.629370,Mon Jan 24 11:54:42 +0000 2022
85,1484832209567551489,The Bridge,1,"Â¡Inside The Bridge! Â¡EmociÃ³n a flor de piel! AsÃ­ reacciona Miriam SÃ¡nchez, la profe de UX/UI a losâ€¦ https://t.co/B51EXA6NNy",2022-07-13 14:10:58.629370,Sat Jan 22 10:16:00 +0000 2022
86,1484117172494475265,The Bridge,1,"Nuevo eventoğŸ¤©""La Inteligencia Artificial y la Ley: lo que hay y lo que viene"" a cargo de @rayadvd

ğŸ“†25 de enero enâ€¦ https://t.co/XdIUTXfE5H",2022-07-13 14:10:58.629370,Thu Jan 20 10:54:42 +0000 2022
87,1483836824279818241,The Bridge,2,"El claustro de #DataScience de @TheBridge_Tech ha creado este ""escalofriante"" vÃ­deo haciendo uso de Inteligencia Arâ€¦ https://t.co/aS8auec0Of",2022-07-13 14:10:58.629370,Wed Jan 19 16:20:41 +0000 2022
88,1483737308553789445,The Bridge,0,La directora de #ciberseguridad de @siemens @NataliaOropezaG  aboga por una sÃ³lida estrategia de ciberseguridad deâ€¦ https://t.co/A0oGcvw5jr,2022-07-13 14:10:58.629370,Wed Jan 19 09:45:15 +0000 2022
89,1483469787078533123,The Bridge,0,Del periodismo al marketing digital ğŸ¤¸ esta es la historia de Blanca GÃ³mez y su experiencia cursando el #bootcamp deâ€¦ https://t.co/TU3sqTZ4Un,2022-07-13 14:10:58.629370,Tue Jan 18 16:02:13 +0000 2022
90,1480522525138370562,The Bridge,0,ğŸ‘©â€ğŸ’»Â¡Estamos de vuelta con nuevos eventos gratuitos! Elige el que mÃ¡s te interese y saca tus entradas aquÃ­ ğŸ‘‰â€¦ https://t.co/x4chn0JXvb,2022-07-13 14:10:58.629370,Mon Jan 10 12:50:51 +0000 2022
91,1478332105268641795,The Bridge,0,Â¡ğŸ’¯% de empleabilidad! Todos los alumnos de la Ãºltima promociÃ³n de junio del #bootcamp de #DigitalMarketingOps ya esâ€¦ https://t.co/PqQ1sFFLEI,2022-07-13 14:10:58.629370,Tue Jan 04 11:46:54 +0000 2022
92,1475432979925278723,The Bridge,0,Â¿Quieres crear una #startup ? Â¿EstÃ¡s perdido en el mundo de los socios? â¡Nuevo evento de formaciÃ³n para emprendedorâ€¦ https://t.co/YBQUt19Rm6,2022-07-13 14:10:58.629370,Mon Dec 27 11:46:49 +0000 2021
93,1474662951588093953,The Bridge,0,Â¡ @TheBridge_Tech os desea #FelizNavidad y #FelicesFiestas! QuÃ© tengÃ¡is unas merecidas vacaciones para descansar yâ€¦ https://t.co/2ur52jNwQW,2022-07-13 14:10:58.629370,Sat Dec 25 08:47:00 +0000 2021
94,1473672163571998748,The Bridge,0,PrÃ³xima paradağŸ“Sevilla Â¡Los #bootcamps de @TheBridge_Tech llegan a la ciudad de la mano de @ENCamaraSevilla! El 21â€¦ https://t.co/sBsyPAEX8r,2022-07-13 14:10:58.629370,Wed Dec 22 15:09:57 +0000 2021
95,1471393009266835459,The Bridge,6,"RT @FUniversia: Â¿Quieres formarte en competencias digitales?ğŸ‘‡
1âƒ£Decide: Desarrollo Web, Mobile, Big Data &amp; Machine Learning, Blockchain, Deâ€¦",2022-07-13 14:10:58.629370,Thu Dec 16 08:13:25 +0000 2021
96,1470672309719646210,The Bridge,0,@AlonsoVcr96 Le hemos escrito un DM ğŸ˜‰,2022-07-13 14:10:58.629370,Tue Dec 14 08:29:37 +0000 2021
97,1470336227324973057,The Bridge,0,â˜ƒï¸Winter is coming... RefÃºgiate en el conocimiento de la mano de los eventos gratuitos de @TheBridge_Tech ğŸ‘©â€ğŸ’»Â¡Un moâ€¦ https://t.co/sTJzOWqR1o,2022-07-13 14:10:58.629370,Mon Dec 13 10:14:08 +0000 2021
98,1470309932549517315,The Bridge,2,"RT @nodosenlared: El prÃ³ximo martes, 14 de diciembre, cerramos el Ciclo de Conferencias sobre #ResponsibleAI en @TheBridge_Tech con ""Drift:â€¦",2022-07-13 14:10:58.629370,Mon Dec 13 08:29:39 +0000 2021
99,1468612835995308034,The Bridge,0,Nos llena de orgullo y satisfacciÃ³n la sÃºper App que han creado nuestros profes y alumnos para #joytotheworld2021 Â¿â€¦ https://t.co/SEeV6RPOUl,2022-07-13 14:10:58.629370,Wed Dec 08 16:06:00 +0000 2021
100,1466722714379509762,The Bridge,1,Hoy con motivo del #DiaInternacionalDiscapacidad os compartimos las Wep Apps accesibles que crearon los alumnos enâ€¦ https://t.co/VMx0qKtRtp,2022-07-13 14:10:58.629370,Fri Dec 03 10:55:20 +0000 2021
101,1466459964680151047,The Bridge,0,"Â¡Luces, cÃ¡mara y acciÃ³n! Comenzamos el DesafÃ­o de Tripulaciones Part Time SÃ­guelo EN DIRECTO y descubre los proyectâ€¦ https://t.co/nJDVB2sVFB",2022-07-13 14:10:58.629370,Thu Dec 02 17:31:15 +0000 2021
102,1466111078295875585,The Bridge,2,En el Taller de @MercadonaTech sobre TDD aplicado al desarrollo API Â¡Nos metemos de lleno en la materia!ğŸ’» ğŸ’ªâ€¦ https://t.co/Uy3xn0Q4QL,2022-07-13 14:10:58.629370,Wed Dec 01 18:24:54 +0000 2021
103,1466065714972872712,The Bridge,0,Ayer coincidiendo con el #DÃ­adelaCiberseguridad firmamos un acuerdo de colaboraciÃ³n con @Women4Cyber_SP para seguirâ€¦ https://t.co/8qOPCsboKK,2022-07-13 14:10:58.629370,Wed Dec 01 15:24:39 +0000 2021
104,1466034288462340099,The Bridge,0,"@EmilioMarioRod1 Gracias @EmilioMarioRod1ğŸ˜ŠTodos nos hemos sentido perdidos a la hora de buscar empleo, quÃ© pasos seâ€¦ https://t.co/Chexmo6a0c",2022-07-13 14:10:58.629370,Wed Dec 01 13:19:46 +0000 2021
105,1465992140551512070,The Bridge,0,Viajamos a Extremadura para participar en la mesa de debate sobre transformaciÃ³n digital y formaciÃ³n de @Forbes_esâ€¦ https://t.co/9eer5sejjq,2022-07-13 14:10:58.629370,Wed Dec 01 10:32:17 +0000 2021
106,1465969519390871552,The Bridge,11,Una autÃ©ntica masterclass la que vivimos ayer con @LegalHackersMAD sobre los modelos de criptomonedas #NFT. Graciasâ€¦ https://t.co/HHCGzPD3uV,2022-07-13 14:10:58.629370,Wed Dec 01 09:02:24 +0000 2021
107,1465267291273240579,The Bridge,0,QuÃ© es Career Readinessâ“ Es la etapa final del #bootcamp donde entrenas tu empleabilidad a travÃ©s de talleres paraâ€¦ https://t.co/RLjYZ1J6ZW,2022-07-13 14:10:58.629370,Mon Nov 29 10:32:00 +0000 2021
108,1463853186335358976,The Bridge,4,El equipo de @MercadonaTech viene a vernosâ— Van a lanzar un equipo tÃ©cnico en Madrid ğŸ™Œ y tambiÃ©n vienen a hablarnosâ€¦ https://t.co/ErqVuTv6UC,2022-07-13 14:10:58.629370,Thu Nov 25 12:52:51 +0000 2021
109,1463528679569559556,The Bridge,3,Â¿Tienes curiosidad por el mundo de las criptomonedas? ğŸª™Â¿Has oÃ­do hablar de los #NFT? La semana que viene nos visitaâ€¦ https://t.co/zE41wEsxbA,2022-07-13 14:10:58.629370,Wed Nov 24 15:23:22 +0000 2021
110,1463086924369825793,The Bridge,0,"QuÃ© es el DesafÃ­o de Tripulacionesâ“ ""Es un reto en el que agrupamos a todos los bootcamps de @TheBridge_Tech y cadaâ€¦ https://t.co/TfJdo5ngzJ",2022-07-13 14:10:58.629370,Tue Nov 23 10:08:00 +0000 2021
111,1463070213965066244,The Bridge,1,Â¿Por quÃ© Valencia?â˜€ï¸En Valencia se crean al dÃ­a entre 500 y 1.000 puestos en profesiones digitales. Gracias a la foâ€¦ https://t.co/p5QAjoEKWh,2022-07-13 14:10:58.629370,Tue Nov 23 09:01:36 +0000 2021
112,1462833592015503369,The Bridge,1,Â¡Bienvenidos! #DÃ­a0 en Valencia para nuestros alumnos de #DataScience y #FullStack que empiezan con ilusiÃ³n su camiâ€¦ https://t.co/37zfObxTOB,2022-07-13 14:10:58.629370,Mon Nov 22 17:21:21 +0000 2021
113,1461314899645280257,The Bridge,0,Â¡Happy Birthday to @TheBridge_Tech ! Hoy cumplimos 2âƒ£ aÃ±os llenos de historias en los que la motivaciÃ³n y la intensâ€¦ https://t.co/MnT5NTw0Bf,2022-07-13 14:10:58.629370,Thu Nov 18 12:46:36 +0000 2021
114,1460931429311864840,The Bridge,2,"Feliz #DÃ­aDelEstudiante ğŸ™Œ a todos los alumnos de @TheBridge_Tech ğŸš€

Â¡El esfuerzo diario que le ponÃ©is os hace grandâ€¦ https://t.co/xp98G5CbFy",2022-07-13 14:10:58.629370,Wed Nov 17 11:22:50 +0000 2021
115,1460901623622995968,The Bridge,1,"Web scraping, sistemas de diseÃ±o, el engaÃ±o de los datos... Â¿no te suena de nada? ApÃºntate a nuestros eventos y aprâ€¦ https://t.co/KorBwF0eRD",2022-07-13 14:10:58.629370,Wed Nov 17 09:24:23 +0000 2021
116,1460664611980652552,The Bridge,2,Â¡Ya estamos! Comienza la conferencia de Interpretabilidad 'Las razones ocultas en la toma de decisiones algorÃ­tmicaâ€¦ https://t.co/snZiTYphnk,2022-07-13 14:10:58.629370,Tue Nov 16 17:42:35 +0000 2021
117,1458826070162124805,The Bridge,0,"QuÃ© es el ramp-upâ“2ï¸âƒ£ semanas en las que se imparte una base de la materia, se instalan programas y herramientas quâ€¦ https://t.co/tXgrQ6LVuR",2022-07-13 14:10:58.629370,Thu Nov 11 15:56:53 +0000 2021
118,1458713193317117953,The Bridge,1,"RT @nodosenlared: Martes 16 de noviembre: ""Interpretable AI"". Las razones ocultas en la toma de decisiones algorÃ­tmica"" https://t.co/rTP2Ggâ€¦",2022-07-13 14:10:58.629370,Thu Nov 11 08:28:21 +0000 2021
119,1458372746837217280,The Bridge,1,RT @AcmUpv: Os compartimos los talleres de @TheBridge_tech sobre #ciberseguridad #fullstack #datascience #uxui Â¡Son gratuitos y la mayorÃ­aâ€¦,2022-07-13 14:10:58.629370,Wed Nov 10 09:55:32 +0000 2021
120,1458355189593870343,The Bridge,0,Ayer se hizo un #TestdeTuring en tv para saber si hablamos con un ordenador o un humano. El Natural Language Procesâ€¦ https://t.co/V7rW3u95od,2022-07-13 14:10:58.629370,Wed Nov 10 08:45:46 +0000 2021
121,1457661218525696004,The Bridge,0,QuiÃ©n mejor puede describir la experiencia en la escuela son nuestros alumnos ğŸ˜Â¡Gracias por darle sentido aâ€¦ https://t.co/Kf319Yh0Rk,2022-07-13 14:10:58.629370,Mon Nov 08 10:48:11 +0000 2021
122,1457628986436161539,The Bridge,0,â–¶ï¸Â¿QuÃ© son los programas de talento digital? Â¿Por quÃ© una buena especializaciÃ³n puede ser la clave para acelerar tuâ€¦ https://t.co/cTlyEwWaxF,2022-07-13 14:10:58.629370,Mon Nov 08 08:40:06 +0000 2021
123,1456560951889641479,The Bridge,1,Un placer participar en #cendigital @CEN_Navarra @ikerarceseco acompaÃ±ando a las empresas navarras hacia la transfoâ€¦ https://t.co/bsmn5AKyDe,2022-07-13 14:10:58.629370,Fri Nov 05 09:56:07 +0000 2021
124,1455923357464018948,The Bridge,0,Hoy hemos estado en @itep_es hablando de la especializaciÃ³n en #Data #Ciber y #FullStack. El 30% de nuestros alumnoâ€¦ https://t.co/iLKuPV3Lug,2022-07-13 14:10:58.629370,Wed Nov 03 15:42:32 +0000 2021
125,1455826022289612804,The Bridge,1,"ğŸ¦‘Te haces fan de una serie. Te descargas una ""inofensiva"" app en tu mÃ³vil. Y has dejado entrar al malware ""Joker"".â€¦ https://t.co/yRKqUZcyPN",2022-07-13 14:10:58.629370,Wed Nov 03 09:15:46 +0000 2021
126,1455471037110525955,The Bridge,0,Â¡Ya tenemos ganador! @PorrasAlcon Enhorabuena ğŸ‘ğŸ‘ has ganado una tarjeta regalo de Amazon por un valor de 20â‚¬. Disfrâ€¦ https://t.co/ad4fYYZ1ge,2022-07-13 14:10:58.629370,Tue Nov 02 09:45:11 +0000 2021
127,1453995389040930819,The Bridge,1,"Es viernes y ademÃ¡s, es dÃ­a de #DesafÃ­oDeTripulaciones ğŸš€! Los alumnos de todos los bootcamps presentan ante el juraâ€¦ https://t.co/ix4UFDr74Z",2022-07-13 14:10:58.629370,Fri Oct 29 08:01:29 +0000 2021
128,1453276027711492096,The Bridge,2,"ğŸ‘» Concurso #Halloween para todo el mundo, seas ya bridger o no, puedes ganar una tarjeta regalo de #Amazon ğŸƒ FÃ¡cil:â€¦ https://t.co/1NLYC15RoA",2022-07-13 14:10:58.629370,Wed Oct 27 08:23:00 +0000 2021
129,1452661718233067527,The Bridge,0,"Os presentamos los talleres de OtoÃ±oğŸen @TheBridge_Tech Son gratuitos y la mayorÃ­a se pueden seguir online.

ğŸ‘¨â€ğŸ’»Aprâ€¦ https://t.co/dNQqSsfB56",2022-07-13 14:10:58.629370,Mon Oct 25 15:41:57 +0000 2021
130,1452548416698044419,The Bridge,0,"Hoy acaba el plazo para apuntarse a la nueva ediciÃ³n de la iniciativa ""Yo_hablo cÃ³d;gÃ¸/&gt;"" con la colaboraciÃ³n deâ€¦ https://t.co/QxkD3VAIu6",2022-07-13 14:10:58.629370,Mon Oct 25 08:11:44 +0000 2021
131,1451450950024114195,The Bridge,2,Un placer haber tenido a @DataforMad en @TheBridge_Tech para hablar sobre cÃ³mo desde la ciencia de datos y la #IA sâ€¦ https://t.co/CcFbxbEhzS,2022-07-13 14:10:58.629370,Fri Oct 22 07:30:47 +0000 2021
132,1450729861564223492,The Bridge,0,Encantados de acoger eventos como este donde emprendedores y alumnos comparten experiencias y debaten sobre la realâ€¦ https://t.co/RaIkKRjZKB,2022-07-13 14:10:58.629370,Wed Oct 20 07:45:26 +0000 2021
133,1448972420249833476,The Bridge,1,Aviso a todas las comunidades Tech de Valencia! #Bootcamps ğŸ”›  @VLCTechHub @VlcJS @VLCTechFest @AcmUpv @Startup_VLCâ€¦ https://t.co/cH5Xlg66Hq,2022-07-13 14:10:58.629370,Fri Oct 15 11:22:00 +0000 2021
134,1448956395727069184,The Bridge,4,"RT @Ethic_: La digitalizaciÃ³n educativa, emprendida a marchas forzadas durante la pandemia, ha reflejado una vez mÃ¡s las necesidades que noâ€¦",2022-07-13 14:10:58.629370,Fri Oct 15 10:18:19 +0000 2021
135,1447499682284965891,The Bridge,0,"Â¿Quieres acceder a las profesiones del presente/futuro?

Conoce quÃ© perfiles se demandan en empresas comoâ€¦ https://t.co/doFbBPMpxF",2022-07-13 14:10:58.629370,Mon Oct 11 09:49:52 +0000 2021
136,1446126472779886599,The Bridge,0,Â¡De excursiÃ³n ğŸ’! Nuestros alumnos de #DigitalMarketingOps han acudido hoy a @south_summit para conocer de cerca a eâ€¦ https://t.co/trzBVy8Kp7,2022-07-13 14:10:58.629370,Thu Oct 07 14:53:13 +0000 2021
137,1445794667237412864,The Bridge,4,Tarde de #VR gracias a la visita de @martinbrainon presentando su proyecto #Atemin Â¡Una nueva forma de entrenar laâ€¦ https://t.co/ePFL9qlsrT,2022-07-13 14:10:58.629370,Wed Oct 06 16:54:44 +0000 2021
138,1445361908316520449,The Bridge,2,Valencia es la 3âƒ£ ciudad con mÃ¡s vacantes digitales enğŸ‡ªğŸ‡¸. Por eso hemos firmado un acuerdo de Becas + FormaciÃ³n + Râ€¦ https://t.co/xN1tudFRO1,2022-07-13 14:10:58.629370,Tue Oct 05 12:15:07 +0000 2021
139,1445289692489043972,The Bridge,0,"#DiaMundialDeLosDocentes EnseÃ±ar nunca es fÃ¡cil, y menos, en el campo de la tecnologÃ­a y el mundo digital. Nuestrosâ€¦ https://t.co/Pg99rCYrF4",2022-07-13 14:10:58.629370,Tue Oct 05 07:28:09 +0000 2021
140,1443177486041423872,The Bridge,0,"Â¿Gamer?ğŸ®Â¿Fan de Overwatch? ApÃºntate a la STEAM+ eSports Competition de @UniversiaES Una oportunidad para, ademÃ¡s deâ€¦ https://t.co/LeXsw4r0DU",2022-07-13 14:10:58.629370,Wed Sep 29 11:35:00 +0000 2021
141,1441063837994680322,The Bridge,0,En el Taller de @lorealspain sobre #marketingdigital y #ecommerce en @TheBridge_Tech ğŸ™Œ SÃºper interesante charla habâ€¦ https://t.co/yP3sz5h5Fh,2022-07-13 14:10:58.629370,Thu Sep 23 15:36:07 +0000 2021
142,1437438923224100866,The Bridge,0,Â¡Feliz #DiaDelProgramador ! ğŸ°ğŸ‰ A todos los #FullStack que se han formado con @TheBridge_Tech y a la nueva promociÃ³nâ€¦ https://t.co/VraN11tOWj,2022-07-13 14:10:58.629370,Mon Sep 13 15:32:00 +0000 2021
143,1433063068238589957,The Bridge,1,"@firoba Muchas gracias @firoba por tu visita a 
@TheBridge_Tech y tu interÃ©s por conocer propuestas educativas comoâ€¦ https://t.co/LjaDeZErUX",2022-07-13 14:10:58.629370,Wed Sep 01 13:43:55 +0000 2021
144,1433061664400814090,The Bridge,2,"RT @firoba: Visito The Bridge, la aceleradora de talento digital, con programas â€œbootcampsâ€ que permite a jÃ³venes y mÃ¡s senior formarse, reâ€¦",2022-07-13 14:10:58.629370,Wed Sep 01 13:38:20 +0000 2021
145,1430953207673536513,The Bridge,1,"Â¡El lunes volvemos al campus! ğŸš€

Tenemos muchas ganas de veros. ğŸ˜

#adiosvacaciones #thebridgeschool #digitaltalentâ€¦ https://t.co/V1FQ1P1odd",2022-07-13 14:10:58.629370,Thu Aug 26 18:00:05 +0000 2021
146,1430092518692171790,The Bridge,1,"Y estos son nuestros badges de Digital Marketing OPS.

SegÃºn nuestros alumnos van adquiriendo los conocimientos, seâ€¦ https://t.co/4GbjRCRo2v",2022-07-13 14:10:58.629370,Tue Aug 24 09:00:00 +0000 2021
147,1429730129945714691,The Bridge,0,"Google Analytics, te contamos quÃ© es. ğŸ˜

#googleanalytics #marketing #digitalmarketing #bootcamps #thebridgeschoolâ€¦ https://t.co/SEyUJhYhan",2022-07-13 14:10:58.629370,Mon Aug 23 09:00:00 +0000 2021
148,1429367739039338496,The Bridge,0,"Y aquÃ­ los badges de Desarrollo Web Full Stack.

SegÃºn nuestros alumnos van adquiriendo los conocimientos, se les vâ€¦ https://t.co/jI3tWbunuX",2022-07-13 14:10:58.629370,Sun Aug 22 09:00:00 +0000 2021
149,1428729785568661509,The Bridge,0,"Metasploit, te contamos quÃ© es. ğŸ˜

#metasploit #ciberseguridad #bootcamps #thebridgeschool #digitaltalent https://t.co/yL8wzqbZ2m",2022-07-13 14:10:58.629370,Fri Aug 20 14:45:00 +0000 2021
150,1427895498741010433,The Bridge,0,"Y estos son nuestros badges de Ciberseguridad.

SegÃºn nuestros alumnos van adquiriendo los conocimientos, se les vaâ€¦ https://t.co/0YRDr80D6E",2022-07-13 14:10:58.629370,Wed Aug 18 07:29:50 +0000 2021
151,1426106250727677952,The Bridge,0,"Kubernetes, te contamos quÃ© es. ğŸ˜

#kubernetes #fullstack #webdeveloper #thebridge #bootcamps https://t.co/vqbQMLsmYR",2022-07-13 14:10:58.629370,Fri Aug 13 09:00:00 +0000 2021
152,1425381495233990657,The Bridge,0,"Os presentamos nuestro badges de Digital Product Design.

A medida que los alumnos van adquiriendo conocimientos, sâ€¦ https://t.co/84ZN5lMOEi",2022-07-13 14:10:58.629370,Wed Aug 11 09:00:05 +0000 2021
153,1423569535072886787,The Bridge,0,"Â¿Sabes en quÃ© consiste el Research? ğŸ˜

#uxui #research #digitaltalent #bootcamos #digitalproduct #thebridge https://t.co/VUI1mDmvKm",2022-07-13 14:10:58.629370,Fri Aug 06 09:00:00 +0000 2021
154,1422844760365076480,The Bridge,0,"Os presentamos nuestro badges de Data Science.

A medida que los alumnos van adquiriendo conocimientos, se les vanâ€¦ https://t.co/eCecKaDpJX",2022-07-13 14:10:58.629370,Wed Aug 04 09:00:00 +0000 2021
155,1421757597250637824,The Bridge,0,"Â¡Cerrado por vacaciones! ğŸ˜

Nos vemos el 30 de agosto con las pilas cargadas. ğŸ˜‰

#thebridgeschool #summerâ€¦ https://t.co/dGfexJvevi",2022-07-13 14:10:58.629370,Sun Aug 01 09:00:00 +0000 2021
156,1421482033747046401,The Bridge,1,"Â¡Ayer se graduÃ³ una promociÃ³n mÃ¡s! 

No podemos estar mÃ¡s orgullosos de  vosotros y de todo vuestro esfuerzo.

Â¡Enhâ€¦ https://t.co/G1fWyuA1Mx",2022-07-13 14:10:58.629370,Sat Jul 31 14:45:01 +0000 2021
157,1419703688554237959,The Bridge,0,"Â¿Quieres aprender a crear y gestionar una campaÃ±a de marketing digital basada en objetivos? ğŸš€

Reserva tu plaza parâ€¦ https://t.co/XE3xUfrTxe",2022-07-13 14:10:58.629370,Mon Jul 26 16:58:30 +0000 2021
158,1418617995581140998,The Bridge,1,"Ayer se graduÃ³ una nueva promociÃ³n de Data Science Part Time en The Bridge y no podemos estar mÃ¡s orgullosos. ğŸ˜

Â¡Eâ€¦ https://t.co/qqMOI3Ccbu",2022-07-13 14:10:58.629370,Fri Jul 23 17:04:21 +0000 2021
159,1417533400227926020,The Bridge,1,"NOTICIÃ“N ğŸ¤©

The Bridge y sus bootcamps aterrizan en Valencia de la mano de Universidad CEU Cardenal Herrera ğŸ’»â˜€ğŸ¥˜ğŸŒ´

Mâ€¦ https://t.co/HN4ppvr63Z",2022-07-13 14:10:58.629370,Tue Jul 20 17:14:33 +0000 2021
160,1416098752855781382,The Bridge,0,"Alerta: #hired ğŸğŸ‰

Otro de nuestro alumni contratado y no nos puede hacer mÃ¡s ilusiÃ³n. ğŸ¤—

Â¡Enhorabuena Jorge Javierâ€¦ https://t.co/tbySl4w8WP",2022-07-13 14:10:58.629370,Fri Jul 16 18:13:47 +0000 2021
161,1415395051933470722,The Bridge,0,"Â¡Hoy hemos tenido en The Bridge a IÃ±aki Arrola! ğŸ˜

Ha sido un autÃ©ntico placer tenerte en nuestro campus y que nosâ€¦ https://t.co/HNZIC36p1z",2022-07-13 14:10:58.629370,Wed Jul 14 19:37:31 +0000 2021
162,1414516530788945920,The Bridge,0,Nuestros alumnos de UX/UI empiezan el dÃ­a con la tÃ©cnica de ideaciÃ³n de los 6 sombreros... Â¡quÃ© creatividad!â€¦ https://t.co/VmcOJ00yQJ,2022-07-13 14:10:58.629370,Mon Jul 12 09:26:36 +0000 2021
163,1413142467843555335,The Bridge,0,"El prÃ³ximo lunes, Juanjo Montiel, desarrollador en Microsoft, nos enseÃ±arÃ¡, en un taller online, cÃ³mo funciona la aâ€¦ https://t.co/0f8gY4hzEp",2022-07-13 14:10:58.629370,Thu Jul 08 14:26:33 +0000 2021
164,1412750067375673345,The Bridge,1,"El prÃ³ximo miÃ©rcoles, 14 de julio, tendremos el placer de contar con IÃ±aki Arrola en The Bridge. Nos hablarÃ¡ de â€œlaâ€¦ https://t.co/dpckXPVPv0",2022-07-13 14:10:58.629370,Wed Jul 07 12:27:18 +0000 2021
165,1411001649070489602,The Bridge,3,"Â¿Sabes, realmente, cuÃ¡l es el alcance de la Inteligencia Artificial? ğŸ˜ğŸš€

#datascience #bootcampâ€¦ https://t.co/NmQ4bQobrU",2022-07-13 14:10:58.629370,Fri Jul 02 16:39:42 +0000 2021
166,1410673283670974471,The Bridge,1,Hoy en The Bridge hemos tenido el placer realizar una #masterclass de Machine Learning para los alumnos de IESE delâ€¦ https://t.co/QAgo9OtBP4,2022-07-13 14:10:58.629370,Thu Jul 01 18:54:54 +0000 2021
167,1409821604251643905,The Bridge,1,"RT @AnaWhitewolf: Necesitamos mÃ¡s referentes LGBTQ+ en el sector tech ğŸŒˆ

Ahora mismo mesa redonda ""Tech Pride"" de la mano de @TheBridge_Tecâ€¦",2022-07-13 14:10:58.629370,Tue Jun 29 10:30:38 +0000 2021
168,1409461243774185472,The Bridge,1,RT @AnaWhitewolf: @TheBridge_Tech Os lo muevo! â˜ºï¸ğŸª„ https://t.co/I7Z56LDgVU,2022-07-13 14:10:58.629370,Mon Jun 28 10:38:41 +0000 2021
169,1408317812532187136,The Bridge,1,RT @itep_es: ğŸ’¥El #MÃ©todoILEğŸ‘· de #ITEP sigue apostando por el #empleoğŸ› ï¸. El alumnado de los ciclos de #informÃ¡ticağŸ”µ ha participado de una seâ€¦,2022-07-13 14:10:58.629370,Fri Jun 25 06:55:06 +0000 2021
170,1408317605233008640,The Bridge,1,RT @mildredlaya: @margarita_bly en vivo @TheBridge_Tech @EmiVegasV â€œa las nuevas generaciones: Buscar y elegir un expertise es clave para eâ€¦,2022-07-13 14:10:58.629370,Fri Jun 25 06:54:17 +0000 2021
171,1408314245230571520,The Bridge,0,"Ayer tuvimos el placer de tener por el palacio a @margarita_bly , un think tank a favor de la #igualdad en laâ€¦ https://t.co/VwGBAqQ0LS",2022-07-13 14:10:58.629370,Fri Jun 25 06:40:55 +0000 2021
172,1407782296384688128,The Bridge,2,"La inclusiÃ³n y la diversidad LGTBI+ en el sector tecnolÃ³gico.

Consigue tu entrada para nuestro evento online AquÃ­â€¦ https://t.co/ymvXyTuGjM",2022-07-13 14:10:58.629370,Wed Jun 23 19:27:09 +0000 2021
173,1405607103742492676,The Bridge,0,@thebridge_tech colabora con el Plan Circular de @fundacionuniversia para favorecer la empleabilidad de los perfileâ€¦ https://t.co/YhWFRHMoGY,2022-07-13 14:10:58.629370,Thu Jun 17 19:23:43 +0000 2021
174,1405518090062991364,The Bridge,0,"Con el fin de conocer el mercado laboral digital y acercarlo a The Bridge, hemos tenido la oportunidad de conocer mâ€¦ https://t.co/jfZeaABBTb",2022-07-13 14:10:58.629370,Thu Jun 17 13:30:00 +0000 2021
175,1405467142326304774,The Bridge,0,"Â¿A quÃ© estÃ¡s esperando? Otro aÃ±o mÃ¡s, felices de colaborar con este #PlanCircularFundacionUniversia #bootcamp https://t.co/MHUBMQOdCn",2022-07-13 14:10:58.629370,Thu Jun 17 10:07:33 +0000 2021
176,1404516718349783041,The Bridge,0,"Una promociÃ³n mÃ¡s. ğŸ˜ Â¡Bienvenidos a todos! ğŸš€

#thebridgeschool #dÃ­a0 #junio21 #welcomestudents #bootcamps #Madridâ€¦ https://t.co/4dK0mfioUj",2022-07-13 14:10:58.629370,Mon Jun 14 19:10:54 +0000 2021
177,1402663515240943622,The Bridge,0,"Hoy tenÃ­amos #Capturetheflag en el patio de The Bridge. ğŸ˜

Â¡Nuestros alumnos de ciberseguridad lo han dado todo! ğŸâ€¦ https://t.co/0vCQy6JOnV",2022-07-13 14:10:58.629370,Wed Jun 09 16:26:56 +0000 2021
178,1400361049279406080,The Bridge,1,"Parece que algunos trabajan muy a gusto en el nuevo espacio del campus. ğŸ˜‰ Un poco de siesting y mucho programing, yâ€¦ https://t.co/kCnVXSLu0T",2022-07-13 14:10:58.629370,Thu Jun 03 07:57:46 +0000 2021
179,1400165346183684103,The Bridge,0,"Â¡Ãšnete a The Bridge!ğŸ˜ Forma parte de la nueva promociÃ³n de junio e impulsa tu carrera digital! ğŸš€

#thebridgeschoolâ€¦ https://t.co/i1vRqIMmPc",2022-07-13 14:10:58.629370,Wed Jun 02 19:00:07 +0000 2021
180,1399440542539423748,The Bridge,0,"El prÃ³ximo dÃ­a 2 de junio te contamos cÃ³mo es The Bridge, quÃ© bootcamps puedes cursar con nosootros, cÃ³mo funcionaâ€¦ https://t.co/xnbwrHnJgO",2022-07-13 14:10:58.629370,Mon May 31 19:00:00 +0000 2021
181,1397928694639857675,The Bridge,7,RT @Fran4Code: Llegamos tarde con el inglÃ©s no podemos llegar tarde con la programaciÃ³n. @Forbes @sonsolesonega @JaSantaolalla @Carinaszpilâ€¦,2022-07-13 14:10:58.629370,Thu May 27 14:52:27 +0000 2021
182,1397272574711767051,The Bridge,0,"Â¡Feliz DÃ­a del Orgullo Friki! ğŸ˜

En The Bridge nos encanta celebrarlo, y como buen dÃ­a del orgullo friki no podÃ­anâ€¦ https://t.co/J6aBWIKNzF",2022-07-13 14:10:58.629370,Tue May 25 19:25:16 +0000 2021
183,1397157978223038468,The Bridge,1,En The Bridge queremos fomentar las vocaciones tecnolÃ³gicas y este verano vamos a organizar campamentos de verano eâ€¦ https://t.co/d1o3xiAAc8,2022-07-13 14:10:58.629370,Tue May 25 11:49:54 +0000 2021
184,1396012072073302016,The Bridge,1,Â¡Enhorabuena a nuestros Ãºltimos alumnis contratados! ğŸš€ Ha sido un placer teneros como alumnos y ver cÃ³mo logrÃ¡is vuâ€¦ https://t.co/uZRbvyfB6Z,2022-07-13 14:10:58.629370,Sat May 22 07:56:29 +0000 2021
185,1395464843096989704,The Bridge,1,"Te contamos cuÃ¡les son las herramientas mÃ¡s importantes para analizar datos. Profundiza en cÃ³mo recopilar, limpiar,â€¦ https://t.co/bacsYauugb",2022-07-13 14:10:58.629370,Thu May 20 19:41:59 +0000 2021
186,1395276129729187844,The Bridge,1,"RT @FuturoTrabajo: Noya FernÃ¡ndez del Cotero, COO y cofundadora de @TheBridge_Tech nos descubre las ventajas de los #bootcamps para las perâ€¦",2022-07-13 14:10:58.629370,Thu May 20 07:12:06 +0000 2021
187,1395275924682203136,The Bridge,1,"RT @ElenaGarciiia: AquÃ­ una foto del 26 de marzo, una tarde increÃ­ble.
Acto organizado por David Carvajal en su escuela @TheBridge_Tech, elâ€¦",2022-07-13 14:10:58.629370,Thu May 20 07:11:18 +0000 2021
188,1394740826140520454,The Bridge,0,"Bootcamp, una vacuna contra la brecha digital. Nuestra COO, le cuenta a #futureforwork todo sobre los bootcamps. ğŸ˜â€¦ https://t.co/Uej4Y6ueSA",2022-07-13 14:10:58.629370,Tue May 18 19:45:00 +0000 2021
189,1394352047181414411,The Bridge,1,Aprender a gestionar campaÃ±as de performance digital e inbound marketing. ğŸ˜Â¡Apunta! 25 de mayo ğŸ‘‰â€¦ https://t.co/9sAHWc4ePo,2022-07-13 14:10:58.629370,Mon May 17 18:00:08 +0000 2021
190,1394183257470771203,The Bridge,2,"RT @Santi_Garcia: Noya FernÃ¡ndez del Cotero, COO y cofundadora de @TheBridge_Tech nos descubre las ventajas de los #bootcamps para las persâ€¦",2022-07-13 14:10:58.629370,Mon May 17 06:49:25 +0000 2021
191,1393491341510914055,The Bridge,0,"Â¡Feliz San Isidro a todos!

#thebridgeschool #sanisidro2021 https://t.co/b7xVmZqzQt",2022-07-13 14:10:58.629370,Sat May 15 09:00:00 +0000 2021
192,1393238482567450630,The Bridge,0,Â¿Quieres acceder a una de nuestras becas #digitaltalentpipeline ğŸš€? Tienes toda la informaciÃ³n en nuestra web ğŸ‘‰â€¦ https://t.co/mPEf7UnOk3,2022-07-13 14:10:58.629370,Fri May 14 16:15:14 +0000 2021
193,1392001377824555009,The Bridge,0,ExplorarÃ¡s el proceso que determina como los usuarios interactÃºan con un producto digital y por quÃ© el rol del diseâ€¦ https://t.co/PyAfaAoPLE,2022-07-13 14:10:58.629370,Tue May 11 06:19:25 +0000 2021
194,1390954628267790340,The Bridge,0,Â¡Muchas gracias Michael Page por asistir a nuestro Recruiter's Corner y por responder a todas nuestras preguntas! Â¡â€¦ https://t.co/rRokRirLtk,2022-07-13 14:10:58.629370,Sat May 08 09:00:00 +0000 2021
195,1390705484622176264,The Bridge,0,"Gambito de The Bridge. ğŸ˜

#thebridgeschool #digitaltalent #ajedrez #bootcamps https://t.co/dgqxLATrgC",2022-07-13 14:10:58.629370,Fri May 07 16:30:00 +0000 2021
196,1388142347486208005,The Bridge,0,"Ayer en The Bridge, tuvimos la suerte de contar con un panel de expertas en Ciberseguridad, con el objetivo de reflâ€¦ https://t.co/y7Ty2WSBzY",2022-07-13 14:10:58.629370,Fri Apr 30 14:45:00 +0000 2021
197,1388081493852004357,The Bridge,3,"RT @_Mnemo: Ayer tuvimos el placer de participar en la mesa ""Cyberwomen: mujeres en ciberseguridad"" organizada por @TheBridge_Tech 
 . Mnemâ€¦",2022-07-13 14:10:58.629370,Fri Apr 30 10:43:12 +0000 2021
198,1387496842003423232,The Bridge,0,Buenas noticias para The Bridge para los alumnis de The Bridge. ğŸš€ğŸ˜ Â¡Enhorabuena a todos nuestros nuevos alumni contâ€¦ https://t.co/Ub5OvqHN4b,2022-07-13 14:10:58.629370,Wed Apr 28 20:00:00 +0000 2021
199,1386651271264886787,The Bridge,1,Â¿Quieres saber mÃ¡s sobre algoritmos? Desde The Bridge te contamos todo sobre esta revoluciÃ³n:â€¦ https://t.co/ZMuns9qYLD,2022-07-13 14:10:58.629370,Mon Apr 26 12:00:00 +0000 2021
